Ahmad Muzakki      - @ahmadmuzakki29
Artem Krylysov     - @akrylysov
Ben Kraft          - @benjaminjkraft
Charles Law        - @clawconduce
Damien Mathieu     - @dmathieu
Drew Landis        - @drewlandis
Erik Davidson      - @aphistic
Jakob Green        - @JakobGreen
Maciej Galkowski   - @szank
Merlin Cox         - @merlincox
Mitch              - @mitchsw
Štěpán Pilař       - @mingan
Zachery Moneypenny - @whazzmaster